file,line,table,terminal,counted,head_only,embedded,methods
app/api/approvals/route.ts,58,employees,maybeSingle,false,false,false,"select eq maybeSingle"
app/api/approvals/route.ts,71,approvals,many,false,false,false,"select eq in order"
app/api/approvals/route.ts,81,approvals,many,false,false,false,"select eq gte in order"
app/api/approvals/route.ts,105,bookings,many,false,false,false,"select in"
app/api/approvals/route.ts,128,employees,many,false,false,false,"select in"
app/api/approvals/[approvalId]/refresh-fare/route.ts,46,employees,maybeSingle,false,false,false,"select eq maybeSingle"
app/api/approvals/[approvalId]/refresh-fare/route.ts,56,approvals,maybeSingle,false,false,false,"select eq maybeSingle"
app/api/approvals/[approvalId]/refresh-fare/route.ts,74,bookings,maybeSingle,false,false,false,"select eq maybeSingle"
app/api/approvals/[approvalId]/refresh-fare/route.ts,179,bookings,many,false,false,false,"update"
app/api/approvals/[approvalId]/refresh-fare/route.ts,211,approvals,many,false,false,false,"update eq"
app/api/approvals/[approvalId]/route.ts,40,employees,maybeSingle,false,false,false,"select eq maybeSingle"
app/api/approvals/[approvalId]/route.ts,50,approvals,maybeSingle,false,false,false,"select eq maybeSingle"
app/api/approvals/[approvalId]/route.ts,75,bookings,maybeSingle,false,false,false,"select eq maybeSingle"
app/api/approvals/[approvalId]/route.ts,94,approvals,many,false,false,false,"update eq"
app/api/approvals/[approvalId]/route.ts,108,bookings,many,false,false,false,"update eq"
app/api/approvals/[approvalId]/route.ts,131,bookings,many,false,false,false,"update eq"
app/api/approvals/[approvalId]/route.ts,159,bookings,many,false,false,false,"update eq"
app/api/approvals/[approvalId]/route.ts,176,bookings,many,false,false,false,"update eq"
app/api/auth/activate/route.ts,19,employees,single,false,false,false,"select update eq single"
app/api/auth/activate/route.ts,26,employees,many,false,false,false,"update eq"
app/api/auth/register-company/route.ts,38,clients,single,false,false,false,"select insert single"
app/api/auth/register-company/route.ts,50,bands,many,false,false,false,"select insert"
app/api/auth/register-company/route.ts,62,employees,many,false,false,false,"insert"
app/api/auth/register-company/route.ts,84,clients,many,false,false,false,"delete eq"
app/api/auth/signin/route.ts,53,employees,maybeSingle,false,false,false,"select eq maybeSingle"
app/api/auth/signin/route.ts,61,clients,maybeSingle,false,false,false,"select eq maybeSingle"
app/api/auth/verify/route.ts,78,employees,maybeSingle,false,false,false,"select update eq maybeSingle"
app/api/auth/verify/route.ts,87,employees,many,false,false,false,"update eq"
app/api/book/add-passenger/route.ts,81,employees,maybeSingle,false,false,false,"select eq maybeSingle"
app/api/book/add-passenger/route.ts,113,trips,maybeSingle,false,false,false,"select eq maybeSingle"
app/api/book/add-passenger/route.ts,134,price_quotes,maybeSingle,false,false,false,"select eq maybeSingle"
app/api/book/add-passenger/route.ts,259,bookings,many,false,false,false,"insert"
app/api/book/add-passenger/route.ts,331,bookings,many,false,false,false,"update eq"
app/api/book/add-passenger/route.ts,338,bookings,many,false,false,false,"update eq"
app/api/book/booking/route.ts,40,bookings,many,false,false,false,"update eq"
app/api/book/booking/route.ts,91,employees,maybeSingle,false,false,false,"select eq maybeSingle"
app/api/book/booking/route.ts,93,bookings,maybeSingle,false,false,false,"select eq maybeSingle"
app/api/book/booking/route.ts,245,bookings,many,false,false,false,"update eq"
app/api/book/booking/route.ts,271,bookings,many,false,false,false,"update eq"
app/api/book/booking/route.ts,302,bookings,many,false,false,false,"update eq"
app/api/book/policy-preview/route.ts,39,employees,maybeSingle,false,false,false,"select eq maybeSingle"
app/api/book/price/route.ts,170,employees,maybeSingle,false,false,false,"select eq maybeSingle"
app/api/book/price/route.ts,243,price_quotes,many,false,false,false,"upsert"
app/api/book/search/route.ts,193,employees,maybeSingle,false,false,false,"select eq maybeSingle"
app/api/book/ticket/route.ts,59,employees,maybeSingle,false,false,false,"select eq maybeSingle"
app/api/book/ticket/route.ts,61,bookings,maybeSingle,false,false,false,"select eq maybeSingle"
app/api/book/ticket/route.ts,165,bookings,many,false,false,false,"update eq"
app/api/book/[bookingId]/qr/route.ts,38,bookings,maybeSingle,false,false,false,"select eq maybeSingle"
app/api/book/[bookingId]/route.ts,49,employees,maybeSingle,false,false,false,"select eq maybeSingle"
app/api/book/[bookingId]/route.ts,75,bookings,maybeSingle,false,false,false,"select eq maybeSingle"
app/api/book/[bookingId]/route.ts,94,approvals,maybeSingle,false,false,false,"select eq order limit maybeSingle"
app/api/book/[bookingId]/route.ts,108,employees,maybeSingle,false,false,false,"select eq maybeSingle"
app/api/book/[bookingId]/route.ts,253,employees,maybeSingle,false,false,false,"select eq maybeSingle"
app/api/book/[bookingId]/route.ts,263,bookings,maybeSingle,false,false,false,"select eq maybeSingle"
app/api/book/[bookingId]/route.ts,304,bookings,many,false,false,false,"update eq"
app/api/bookings/actionable/route.ts,27,employees,maybeSingle,false,false,false,"select eq in maybeSingle"
app/api/bookings/actionable/route.ts,37,bookings,many,false,false,false,"select eq in order"
app/api/bookings/recent/route.ts,30,employees,maybeSingle,false,false,false,"select eq maybeSingle"
app/api/bookings/recent/route.ts,47,employees,many,false,false,false,"select eq"
app/api/bookings/recent/route.ts,53,employees,many,false,false,false,"select eq"
app/api/bookings/recent/route.ts,66,bookings,many,false,false,false,"select in order limit"
app/api/bookings/recent/route.ts,82,employees,many,false,false,false,"select in"
app/api/bookings/route.ts,27,employees,maybeSingle,false,false,false,"select eq maybeSingle"
app/api/bookings/route.ts,41,bookings,many,false,false,false,"select eq order limit"
app/api/bookings/route.ts,94,trips,many,false,false,false,"select eq neq order"
app/api/employees/me/route.ts,35,employees,maybeSingle,false,false,false,"select eq maybeSingle"
app/api/employees/me/route.ts,145,employees,maybeSingle,false,false,false,"select update eq maybeSingle"
app/api/employees/route.ts,52,employees,single,false,false,false,"select eq single"
app/api/employees/route.ts,68,clients,single,false,false,false,"select eq single"
app/api/employees/route.ts,106,bands,single,false,false,false,"select eq single"
app/api/employees/route.ts,117,employees,maybeSingle,false,false,false,"select eq maybeSingle"
app/api/employees/route.ts,181,employees,many,false,false,false,"insert"
app/api/me/route.ts,15,employees,many,false,false,false,"select"
app/api/me/route.ts,45,platform_admins,maybeSingle,false,false,false,"select eq maybeSingle"
app/api/me/route.ts,71,clients,single,true,true,false,"select eq single"
app/api/me/route.ts,79,employees,many,true,true,false,"select eq"
app/api/me/route.ts,90,bookings,many,true,true,false,"select eq"
app/api/me/route.ts,104,client_policy_groups,many,true,true,false,"select eq"
app/api/me/route.ts,116,employee_permissions,many,false,false,false,"select eq"
app/api/me/route.ts,117,employee_client_access,maybeSingle,false,false,false,"select eq maybeSingle"
app/api/me/route.ts,127,platform_admins,maybeSingle,false,false,false,"select eq maybeSingle"
app/api/platform/tmcs/route.ts,30,tmcs,many,true,false,false,"select or order range"
app/api/platform/tmcs/route.ts,49,clients,many,true,true,false,"select eq in"
app/api/platform/tmcs/route.ts,50,employees,many,true,true,false,"select eq in"
app/api/platform/tmcs/route.ts,52,employees,many,true,true,false,"select eq"
app/api/platform/tmcs/[id]/route.ts,27,tmcs,maybeSingle,false,false,false,"select eq maybeSingle"
app/api/platform/tmcs/[id]/route.ts,39,employees,many,false,false,false,"select eq in order"
app/api/platform/tmcs/[id]/route.ts,58,tmcs,maybeSingle,false,false,false,"select eq maybeSingle"
app/api/platform/tmcs/[id]/route.ts,93,tmcs,maybeSingle,false,false,false,"select update eq maybeSingle"
app/api/platform/tmcs/[id]/staff-csv/route.ts,46,tmcs,maybeSingle,false,false,false,"select eq in order maybeSingle"
app/api/platform/tmcs/[id]/staff-csv/route.ts,52,employees,many,false,false,false,"select eq in order"
app/api/platform/tmcs/[id]/staff-csv/route.ts,62,employee_permissions,many,false,false,false,"select in"
app/api/platform/tmcs/[id]/staff-csv/route.ts,109,tmcs,maybeSingle,false,false,false,"select eq maybeSingle"
app/api/platform/tmcs/[id]/staff-csv/route.ts,124,employees,many,false,false,false,"select eq in"
app/api/platform/tmcs/[id]/staff-csv/route.ts,191,employees,many,false,false,false,"insert"
app/api/platform/tmcs/[id]/staff-csv/route.ts,204,employee_permissions,many,false,false,false,"insert"
app/api/public/ticket/[token]/route.ts,74,bookings,maybeSingle,false,false,false,"select eq maybeSingle"
app/api/reference/airlines/route.ts,36,airlines,many,true,false,false,"select in or order range"
app/api/rule-engine/test/route.ts,42,employees,maybeSingle,false,false,false,"select eq maybeSingle"
app/api/settings/policy/route.ts,53,employees,single,false,false,false,"select eq single"
app/api/settings/policy/route.ts,69,bands,many,false,false,false,"select eq order"
app/api/settings/policy/route.ts,100,policy_rules,maybeSingle,false,false,false,"select eq is order limit maybeSingle"
app/api/settings/policy/route.ts,111,policy_rules,many,false,false,false,"select eq is"
app/api/settings/users/route.ts,20,employees,single,false,false,false,"select eq single"
app/api/settings/users/route.ts,46,employees,many,true,false,false,"select eq in order range"
app/api/settings/users/[id]/route.ts,37,employees,single,false,false,false,"select eq single"
app/api/settings/users/[id]/route.ts,52,employees,maybeSingle,false,false,false,"select eq maybeSingle"
app/api/settings/users/[id]/route.ts,124,employees,single,false,false,false,"select update eq single"
app/api/tmc/approval-assignments/route.ts,57,clients,maybeSingle,false,false,false,"select eq maybeSingle"
app/api/tmc/approval-assignments/route.ts,89,employees,many,false,false,false,"select eq order"
app/api/tmc/approval-assignments/route.ts,105,client_default_approval_templates,many,false,false,false,"select eq order"
app/api/tmc/approval-assignments/route.ts,109,bands,many,false,false,false,"select eq order"
app/api/tmc/approval-assignments/route.ts,182,approval_chain_templates,maybeSingle,false,false,false,"select eq maybeSingle"
app/api/tmc/approval-assignments/route.ts,193,employees,maybeSingle,false,false,false,"select eq in maybeSingle"
app/api/tmc/approval-assignments/route.ts,203,employees,many,false,false,false,"select eq in"
app/api/tmc/approval-assignments/route.ts,216,employee_approval_templates,many,false,false,false,"delete eq in"
app/api/tmc/approval-assignments/route.ts,229,employee_approval_templates,many,false,false,false,"upsert"
app/api/tmc/approval-assignments/route.ts,255,bands,maybeSingle,false,false,false,"select delete eq maybeSingle"
app/api/tmc/approval-assignments/route.ts,267,band_approval_templates,many,false,false,false,"delete eq"
app/api/tmc/approval-assignments/route.ts,281,band_approval_templates,many,false,false,false,"upsert"
app/api/tmc/approval-assignments/route.ts,301,client_default_approval_templates,many,false,false,false,"delete eq"
app/api/tmc/approval-assignments/route.ts,314,client_default_approval_templates,many,false,false,false,"upsert"
app/api/tmc/approval-assignments/route.ts,355,band_approval_templates,many,false,false,false,"delete eq"
app/api/tmc/approval-assignments/route.ts,370,employee_approval_templates,many,false,false,false,"delete eq"
app/api/tmc/approval-assignments/route.ts,383,client_default_approval_templates,many,false,false,false,"delete eq"
app/api/tmc/approval-chains/direct/route.ts,59,clients,maybeSingle,false,false,false,"select eq maybeSingle"
app/api/tmc/approval-chains/direct/route.ts,82,employee_approval_templates,maybeSingle,false,false,false,"select eq maybeSingle"
app/api/tmc/approval-chains/direct/route.ts,88,client_default_approval_templates,maybeSingle,false,false,false,"select eq maybeSingle"
app/api/tmc/approval-chains/direct/route.ts,97,approval_chain_templates,maybeSingle,false,false,false,"select eq maybeSingle"
app/api/tmc/approval-chains/direct/route.ts,134,approval_chain_templates,single,false,false,false,"select eq single"
app/api/tmc/approval-chains/direct/route.ts,140,approval_tier_approvers,many,false,false,false,"select eq"
app/api/tmc/approval-chains/direct/route.ts,218,employees,maybeSingle,false,false,false,"select eq maybeSingle"
app/api/tmc/approval-chains/direct/route.ts,230,employees,maybeSingle,false,false,false,"select eq maybeSingle"
app/api/tmc/approval-chains/direct/route.ts,254,approval_chain_templates,single,false,false,false,"select update eq single"
app/api/tmc/approval-chains/direct/route.ts,261,clients,single,false,false,false,"select eq single"
app/api/tmc/approval-chains/direct/route.ts,263,employees,single,false,false,false,"select insert eq single"
app/api/tmc/approval-chains/direct/route.ts,275,approval_chain_templates,single,false,false,false,"select insert single"
app/api/tmc/approval-chains/direct/route.ts,299,approval_tier_approvers,many,false,false,false,"insert delete eq"
app/api/tmc/approval-chains/direct/route.ts,305,approval_tier_approvers,many,false,false,false,"insert"
app/api/tmc/approval-chains/direct/route.ts,329,employee_approval_templates,many,false,false,false,"upsert"
app/api/tmc/approval-chains/direct/route.ts,341,client_default_approval_templates,many,false,false,false,"upsert"
app/api/tmc/approval-templates/route.ts,103,approval_chain_templates,many,false,false,false,"select eq or order"
app/api/tmc/approval-templates/route.ts,129,employee_approval_templates,many,false,false,false,"select in"
app/api/tmc/approval-templates/route.ts,138,client_default_approval_templates,many,false,false,false,"select in"
app/api/tmc/approval-templates/route.ts,199,clients,maybeSingle,false,false,false,"select eq maybeSingle"
app/api/tmc/approval-templates/route.ts,210,employees,maybeSingle,false,false,false,"select insert eq maybeSingle"
app/api/tmc/approval-templates/route.ts,216,approval_chain_templates,single,false,false,false,"select insert single"
app/api/tmc/approval-templates/[id]/route.ts,53,approval_chain_templates,maybeSingle,false,false,false,"select eq maybeSingle"
app/api/tmc/approval-templates/[id]/route.ts,113,employees,maybeSingle,false,false,false,"select update eq single maybeSingle"
app/api/tmc/approval-templates/[id]/route.ts,122,approval_chain_templates,single,false,false,false,"select update eq single"
app/api/tmc/approval-templates/[id]/route.ts,155,approval_chain_templates,maybeSingle,false,false,false,"select eq maybeSingle"
app/api/tmc/approval-templates/[id]/route.ts,174,employee_approval_templates,many,true,true,false,"select eq"
app/api/tmc/approval-templates/[id]/route.ts,185,client_default_approval_templates,many,true,true,false,"select delete eq"
app/api/tmc/approval-templates/[id]/route.ts,198,approval_chain_templates,many,false,false,false,"delete eq"
app/api/tmc/approval-tier-approvers/route.ts,50,clients,maybeSingle,false,false,false,"select eq maybeSingle"
app/api/tmc/approval-tier-approvers/route.ts,60,approval_chain_templates,maybeSingle,false,false,false,"select eq maybeSingle"
app/api/tmc/approval-tier-approvers/route.ts,102,approval_chain_templates,single,false,false,false,"select eq single"
app/api/tmc/approval-tier-approvers/route.ts,108,approval_tier_approvers,many,false,false,false,"select eq"
app/api/tmc/approval-tier-approvers/route.ts,154,employees,maybeSingle,false,false,false,"select upsert eq maybeSingle"
app/api/tmc/approval-tier-approvers/route.ts,160,approval_tier_approvers,many,false,false,false,"upsert"
app/api/tmc/approval-tier-approvers/route.ts,211,approval_tier_approvers,many,false,false,false,"delete eq"
app/api/tmc/bands/route.ts,41,clients,maybeSingle,false,false,false,"select eq maybeSingle"
app/api/tmc/bands/route.ts,73,bands,many,false,false,false,"select eq order"
app/api/tmc/bands/route.ts,86,employees,many,false,false,false,"select eq"
app/api/tmc/bands/route.ts,134,bands,maybeSingle,false,false,false,"select eq maybeSingle"
app/api/tmc/bands/route.ts,148,bands,single,false,false,false,"select insert single"
app/api/tmc/bands/[id]/route.ts,28,bands,maybeSingle,false,false,false,"select eq maybeSingle"
app/api/tmc/bands/[id]/route.ts,83,bands,maybeSingle,false,false,false,"select eq neq maybeSingle"
app/api/tmc/bands/[id]/route.ts,106,bands,single,false,false,false,"select update eq single"
app/api/tmc/bands/[id]/route.ts,156,employees,many,true,true,false,"select delete eq"
app/api/tmc/bands/[id]/route.ts,168,bands,many,false,false,false,"delete eq"
app/api/tmc/branches/route.ts,40,branches,many,true,false,false,"select eq in or order range"
app/api/tmc/branches/route.ts,68,employees,many,false,false,false,"select in"
app/api/tmc/branches/route.ts,173,branches,many,false,false,false,"insert update eq"
app/api/tmc/branches/route.ts,180,branches,single,false,false,false,"select insert single"
app/api/tmc/branches/[id]/route.ts,22,branches,maybeSingle,false,false,false,"select eq maybeSingle"
app/api/tmc/branches/[id]/route.ts,52,branches,single,false,false,false,"select eq order single"
app/api/tmc/branches/[id]/route.ts,54,employees,many,false,false,false,"select eq order"
app/api/tmc/branches/[id]/route.ts,92,branches,many,false,false,false,"update eq neq"
app/api/tmc/branches/[id]/route.ts,106,branches,single,false,false,false,"select update eq single"
app/api/tmc/branches/[id]/route.ts,146,employees,many,true,true,false,"select delete eq"
app/api/tmc/branches/[id]/route.ts,159,branches,many,false,false,false,"delete eq"
app/api/tmc/buckets/route.ts,38,buckets,many,true,false,false,"select eq in or order range"
app/api/tmc/buckets/route.ts,61,bucket_clients,many,false,false,false,"select in"
app/api/tmc/buckets/route.ts,64,deal_code_assignments,many,false,false,false,"select in"
app/api/tmc/buckets/route.ts,121,buckets,single,false,false,false,"select insert single"
app/api/tmc/buckets/[id]/route.ts,21,buckets,maybeSingle,false,false,false,"select eq maybeSingle"
app/api/tmc/buckets/[id]/route.ts,51,bucket_clients,many,false,false,false,"select eq in order"
app/api/tmc/buckets/[id]/route.ts,59,clients,many,false,false,false,"select eq in order"
app/api/tmc/buckets/[id]/route.ts,62,deal_code_assignments,many,false,false,false,"select eq"
app/api/tmc/buckets/[id]/route.ts,74,deal_codes,many,false,false,false,"select in order"
app/api/tmc/buckets/[id]/route.ts,126,buckets,many,false,false,false,"update eq"
app/api/tmc/buckets/[id]/route.ts,141,clients,many,false,false,false,"select eq in"
app/api/tmc/buckets/[id]/route.ts,157,bucket_clients,many,false,false,false,"insert delete eq"
app/api/tmc/buckets/[id]/route.ts,161,bucket_clients,many,false,false,false,"insert"
app/api/tmc/buckets/[id]/route.ts,197,deal_code_assignments,many,true,true,false,"select eq"
app/api/tmc/buckets/[id]/route.ts,201,fop_assignments,many,true,true,false,"select eq"
app/api/tmc/buckets/[id]/route.ts,223,buckets,many,false,false,false,"delete eq"
app/api/tmc/client-groups/route.ts,95,employees,single,false,false,false,"select eq filter single"
app/api/tmc/client-groups/route.ts,108,client_groups,many,true,false,false,"select eq in or order range"
app/api/tmc/client-groups/route.ts,159,client_groups,single,false,false,false,"select insert single"
app/api/tmc/client-groups/[id]/route.ts,32,client_groups,maybeSingle,false,false,false,"select eq maybeSingle"
app/api/tmc/client-groups/[id]/route.ts,59,client_groups,single,false,false,false,"select update eq single"
app/api/tmc/client-groups/[id]/route.ts,98,client_groups,maybeSingle,false,false,false,"select delete eq maybeSingle"
app/api/tmc/client-groups/[id]/route.ts,110,client_groups,many,false,false,false,"delete eq"
app/api/tmc/client-policy-groups/route.ts,58,client_policy_groups,many,false,false,false,"select eq"
app/api/tmc/client-policy-groups/route.ts,72,policy_groups,many,false,false,false,"select in"
app/api/tmc/client-policy-groups/route.ts,119,policy_groups,maybeSingle,false,false,false,"select eq maybeSingle"
app/api/tmc/client-policy-groups/route.ts,136,clients,maybeSingle,false,false,false,"select eq maybeSingle"
app/api/tmc/client-policy-groups/route.ts,146,client_policy_groups,many,false,false,false,"select eq"
app/api/tmc/client-policy-groups/route.ts,167,policy_groups,many,false,false,false,"select in"
app/api/tmc/client-policy-groups/route.ts,182,employees,maybeSingle,false,false,false,"select insert eq maybeSingle"
app/api/tmc/client-policy-groups/route.ts,188,client_policy_groups,many,false,false,false,"insert"
app/api/tmc/client-policy-groups/route.ts,231,client_policy_groups,many,false,false,false,"delete eq"
app/api/tmc/clients/route.ts,31,employees,single,false,false,false,"select eq filter single"
app/api/tmc/clients/route.ts,50,clients,many,true,false,true,"select eq order"
app/api/tmc/clients/route.ts,107,employees,many,false,false,false,"select in"
app/api/tmc/clients/[id]/admin-access/route.ts,35,clients,maybeSingle,false,false,false,"select eq maybeSingle"
app/api/tmc/clients/[id]/admin-access/route.ts,64,employees,many,false,false,false,"select eq order"
app/api/tmc/clients/[id]/admin-access/route.ts,98,employees,maybeSingle,false,false,false,"select eq maybeSingle"
app/api/tmc/clients/[id]/allocations/route.ts,70,clients,maybeSingle,false,false,false,"select eq maybeSingle"
app/api/tmc/clients/[id]/allocations/route.ts,81,bucket_clients,many,false,false,false,"select eq"
app/api/tmc/clients/[id]/allocations/route.ts,89,deal_code_assignments,many,false,false,false,"select eq"
app/api/tmc/clients/[id]/allocations/route.ts,93,fop_assignments,many,false,false,false,"select eq filter"
app/api/tmc/clients/[id]/allocations/route.ts,116,buckets,many,false,false,false,"select eq in"
app/api/tmc/clients/[id]/allocations/route.ts,119,client_groups,many,false,false,false,"select eq in"
app/api/tmc/clients/[id]/allocations/route.ts,122,deal_codes,many,false,false,false,"select in"
app/api/tmc/clients/[id]/allocations/route.ts,125,forms_of_payment,many,false,false,false,"select in"
app/api/tmc/clients/[id]/allocations/route.ts,187,bucket_clients,many,false,false,false,"select in"
app/api/tmc/clients/[id]/buckets/route.ts,41,clients,maybeSingle,false,false,false,"select eq maybeSingle"
app/api/tmc/clients/[id]/buckets/route.ts,64,bucket_clients,many,false,false,true,"select eq filter"
app/api/tmc/clients/[id]/buckets/route.ts,108,buckets,many,false,false,false,"select delete eq in"
app/api/tmc/clients/[id]/buckets/route.ts,119,bucket_clients,many,false,false,false,"insert delete eq"
app/api/tmc/clients/[id]/buckets/route.ts,129,bucket_clients,many,false,false,true,"select insert eq filter"
app/api/tmc/clients/[id]/buckets/route.ts,138,bucket_clients,many,false,false,true,"select eq filter"
app/api/tmc/clients/[id]/commercials/route.ts,77,clients,maybeSingle,false,false,false,"select eq maybeSingle"
app/api/tmc/clients/[id]/commercials/route.ts,88,commercial_rules,many,false,false,false,"select eq filter"
app/api/tmc/clients/[id]/commercials/route.ts,89,bucket_clients,many,false,false,false,"select eq filter"
app/api/tmc/clients/[id]/commercials/route.ts,91,commercial_rule_assignments,many,false,false,false,"select eq filter"
app/api/tmc/clients/[id]/commercials/route.ts,109,buckets,many,false,false,false,"select eq in"
app/api/tmc/clients/[id]/commercials/route.ts,112,client_groups,many,false,false,false,"select eq"
app/api/tmc/clients/[id]/gst/route.ts,58,clients,maybeSingle,false,false,false,"select eq maybeSingle"
app/api/tmc/clients/[id]/gst/route.ts,109,cost_centres,maybeSingle,false,false,false,"select eq maybeSingle"
app/api/tmc/clients/[id]/gst/route.ts,134,client_gst_registrations,many,false,false,false,"update eq neq"
app/api/tmc/clients/[id]/gst/route.ts,184,client_gst_registrations,many,false,false,false,"select eq neq is"
app/api/tmc/clients/[id]/gst/route.ts,211,client_gst_registrations,many,false,false,false,"select eq order"
app/api/tmc/clients/[id]/gst/route.ts,248,client_gst_registrations,single,false,false,false,"select insert single"
app/api/tmc/clients/[id]/gst/route.ts,296,client_gst_registrations,maybeSingle,false,false,false,"select eq maybeSingle"
app/api/tmc/clients/[id]/gst/route.ts,310,client_gst_registrations,single,false,false,false,"select update eq single"
app/api/tmc/clients/[id]/gst/route.ts,348,client_gst_registrations,many,false,false,false,"delete eq"
app/api/tmc/clients/[id]/mandatory-info/route.ts,42,clients,maybeSingle,false,false,false,"select eq maybeSingle"
app/api/tmc/clients/[id]/mandatory-info/route.ts,69,client_mandatory_info,many,false,false,false,"select eq order"
app/api/tmc/clients/[id]/mandatory-info/route.ts,119,client_mandatory_info,single,false,false,false,"select upsert single"
app/api/tmc/clients/[id]/mandatory-info/route.ts,153,client_mandatory_info,many,false,false,false,"delete eq"
app/api/tmc/clients/[id]/route.ts,127,employees,single,false,false,false,"select eq single"
app/api/tmc/clients/[id]/route.ts,138,employee_client_access,maybeSingle,false,false,false,"select eq maybeSingle"
app/api/tmc/clients/[id]/route.ts,150,clients,single,false,false,false,"select eq single"
app/api/tmc/clients/[id]/route.ts,184,clients,maybeSingle,false,false,false,"select eq maybeSingle"
app/api/tmc/clients/[id]/route.ts,311,employees,maybeSingle,false,false,false,"select eq in maybeSingle"
app/api/tmc/clients/[id]/route.ts,336,branches,maybeSingle,false,false,false,"select eq maybeSingle"
app/api/tmc/clients/[id]/route.ts,354,client_groups,maybeSingle,false,false,false,"select eq maybeSingle"
app/api/tmc/clients/[id]/route.ts,385,clients,single,false,false,false,"select update eq single"
app/api/tmc/clients/[id]/route.ts,458,clients,maybeSingle,false,false,false,"select eq maybeSingle"
app/api/tmc/clients/[id]/route.ts,475,clients,single,false,false,false,"select update eq single"
app/api/tmc/commercial-rule-assignments/route.ts,56,commercial_rule_assignments,many,false,false,false,"select eq"
app/api/tmc/commercial-rule-assignments/route.ts,94,commercial_rules,maybeSingle,false,false,false,"select eq maybeSingle"
app/api/tmc/commercial-rule-assignments/route.ts,138,commercial_rule_assignments,many,false,false,false,"select upsert"
app/api/tmc/commercial-rule-assignments/route.ts,169,commercial_rule_assignments,many,false,false,false,"delete eq"
app/api/tmc/commercial-rules/effective/route.ts,97,clients,many,false,false,false,"select eq in order"
app/api/tmc/commercial-rules/effective/route.ts,110,bucket_clients,many,false,false,false,"select eq filter"
app/api/tmc/commercial-rules/effective/route.ts,112,commercial_rule_assignments,many,false,false,false,"select eq in filter"
app/api/tmc/commercial-rules/effective/route.ts,115,commercial_rules,many,false,false,false,"select eq in filter"
app/api/tmc/commercial-rules/effective/route.ts,125,buckets,many,false,false,false,"select eq in"
app/api/tmc/commercial-rules/effective/route.ts,127,client_groups,many,false,false,false,"select eq"
app/api/tmc/commercial-rules/route.ts,170,commercial_rules,many,false,false,false,"select eq or order"
app/api/tmc/commercial-rules/route.ts,199,deal_code_categories,many,false,false,false,"select eq"
app/api/tmc/commercial-rules/route.ts,200,commercial_rule_assignments,many,false,false,false,"select eq"
app/api/tmc/commercial-rules/route.ts,254,deal_code_categories,maybeSingle,false,false,false,"select eq maybeSingle"
app/api/tmc/commercial-rules/route.ts,272,commercial_rules,many,false,false,false,"insert"
app/api/tmc/commercial-rules/[id]/route.ts,31,commercial_rules,maybeSingle,false,false,false,"select eq maybeSingle"
app/api/tmc/commercial-rules/[id]/route.ts,58,commercial_rule_assignments,many,false,false,false,"select eq filter"
app/api/tmc/commercial-rules/[id]/route.ts,72,clients,many,false,false,false,"select in"
app/api/tmc/commercial-rules/[id]/route.ts,75,client_groups,many,false,false,false,"select in"
app/api/tmc/commercial-rules/[id]/route.ts,78,buckets,many,false,false,false,"select in"
app/api/tmc/commercial-rules/[id]/route.ts,156,deal_code_categories,maybeSingle,false,false,false,"select eq maybeSingle"
app/api/tmc/commercial-rules/[id]/route.ts,193,commercial_rules,single,false,false,false,"select update eq single"
app/api/tmc/commercial-rules/[id]/route.ts,225,commercial_rules,many,false,false,false,"delete eq"
app/api/tmc/cost-centres/route.ts,49,cost_centres,many,false,false,false,"select eq order"
app/api/tmc/cost-centres/route.ts,54,employees,many,false,false,false,"select eq"
app/api/tmc/cost-centres/route.ts,112,cost_centres,single,false,false,false,"select insert single"
app/api/tmc/cost-centres/route.ts,154,cost_centres,many,false,false,false,"update eq"
app/api/tmc/cost-centres/route.ts,171,employees,many,false,false,false,"select update eq"
app/api/tmc/cost-centres/route.ts,207,employees,many,true,true,false,"select delete eq"
app/api/tmc/cost-centres/route.ts,219,cost_centres,many,false,false,false,"delete eq"
app/api/tmc/create-corporate/bulk/route.ts,107,bands,many,false,false,false,"select eq"
app/api/tmc/create-corporate/bulk/route.ts,144,employees,many,false,false,false,"insert"
app/api/tmc/create-corporate/bulk/route.ts,187,employees,many,false,false,false,"insert"
app/api/tmc/deal-code-assignments/route.ts,51,deal_code_assignments,many,false,false,false,"select eq"
app/api/tmc/deal-code-assignments/route.ts,92,deal_codes,maybeSingle,false,false,false,"select eq maybeSingle"
app/api/tmc/deal-code-assignments/route.ts,139,deal_code_assignments,many,false,false,false,"upsert"
app/api/tmc/deal-code-assignments/route.ts,171,deal_code_assignments,many,false,false,false,"delete eq"
app/api/tmc/deal-code-categories/route.ts,52,deal_code_categories,many,false,false,false,"select insert eq order"
app/api/tmc/deal-code-categories/route.ts,59,deal_code_categories,many,false,false,false,"select insert eq order"
app/api/tmc/deal-code-categories/route.ts,64,deal_code_categories,many,false,false,false,"select eq order"
app/api/tmc/deal-code-categories/route.ts,80,deal_code_category_types,many,false,false,false,"select insert in"
app/api/tmc/deal-code-categories/route.ts,88,deal_code_category_types,many,false,false,false,"select in"
app/api/tmc/deal-codes/csv/route.ts,54,deal_codes,many,false,false,false,"select eq order"
app/api/tmc/deal-codes/csv/route.ts,61,deal_code_categories,many,false,false,false,"select eq"
app/api/tmc/deal-codes/csv/route.ts,134,deal_code_categories,many,false,false,false,"select eq in"
app/api/tmc/deal-codes/csv/route.ts,143,deal_code_category_types,many,false,false,false,"select in filter"
app/api/tmc/deal-codes/csv/route.ts,254,deal_codes,many,false,false,false,"insert"
app/api/tmc/deal-codes/effective/route.ts,64,clients,many,false,false,false,"select eq in order"
app/api/tmc/deal-codes/effective/route.ts,78,bucket_clients,many,false,false,false,"select eq filter"
app/api/tmc/deal-codes/effective/route.ts,80,deal_code_assignments,many,false,false,false,"select eq filter"
app/api/tmc/deal-codes/effective/route.ts,83,client_groups,many,false,false,false,"select eq filter"
app/api/tmc/deal-codes/effective/route.ts,95,deal_codes,many,false,false,false,"select in"
app/api/tmc/deal-codes/effective/route.ts,101,buckets,many,false,false,false,"select in"
app/api/tmc/deal-codes/route.ts,139,deal_codes,many,false,false,false,"select eq order"
app/api/tmc/deal-codes/route.ts,172,deal_code_categories,many,false,false,false,"select eq"
app/api/tmc/deal-codes/route.ts,173,deal_code_assignments,many,false,false,false,"select eq"
app/api/tmc/deal-codes/route.ts,220,deal_code_categories,maybeSingle,false,false,false,"select eq maybeSingle"
app/api/tmc/deal-codes/route.ts,229,deal_code_category_types,many,false,false,false,"select eq filter"
app/api/tmc/deal-codes/route.ts,270,deal_codes,many,false,false,false,"insert"
app/api/tmc/deal-codes/[id]/route.ts,23,deal_codes,maybeSingle,false,false,false,"select eq maybeSingle"
app/api/tmc/deal-codes/[id]/route.ts,53,deal_codes,single,false,false,false,"select eq filter single"
app/api/tmc/deal-codes/[id]/route.ts,59,deal_code_assignments,many,false,false,false,"select eq in filter"
app/api/tmc/deal-codes/[id]/route.ts,72,clients,many,false,false,false,"select in"
app/api/tmc/deal-codes/[id]/route.ts,75,client_groups,many,false,false,false,"select in"
app/api/tmc/deal-codes/[id]/route.ts,78,buckets,many,false,false,false,"select in"
app/api/tmc/deal-codes/[id]/route.ts,134,deal_codes,single,false,false,false,"select eq single"
app/api/tmc/deal-codes/[id]/route.ts,174,deal_codes,single,false,false,false,"select update eq single"
app/api/tmc/deal-codes/[id]/route.ts,208,deal_code_assignments,many,true,true,false,"select delete eq"
app/api/tmc/deal-codes/[id]/route.ts,221,deal_codes,many,false,false,false,"delete eq"
app/api/tmc/employees/route.ts,54,clients,maybeSingle,false,false,false,"select eq filter maybeSingle"
app/api/tmc/employees/route.ts,77,employees,many,true,false,false,"select eq in is not order"
app/api/tmc/employees/[id]/route.ts,44,employees,maybeSingle,false,false,false,"select eq maybeSingle"
app/api/tmc/employees/[id]/route.ts,63,clients,maybeSingle,false,false,false,"select eq maybeSingle"
app/api/tmc/employees/[id]/route.ts,115,bands,maybeSingle,false,false,false,"select eq maybeSingle"
app/api/tmc/employees/[id]/route.ts,138,employees,single,false,false,false,"select update eq single"
app/api/tmc/fop-assignments/route.ts,55,fop_assignments,many,true,false,false,"select eq or order"
app/api/tmc/fop-assignments/route.ts,83,forms_of_payment,many,false,false,false,"select eq ilike or"
app/api/tmc/fop-assignments/route.ts,85,clients,many,false,false,false,"select eq ilike"
app/api/tmc/fop-assignments/route.ts,86,client_groups,many,false,false,false,"select eq ilike"
app/api/tmc/fop-assignments/route.ts,87,buckets,many,false,false,false,"select eq ilike"
app/api/tmc/fop-assignments/route.ts,128,forms_of_payment,many,false,false,false,"select in"
app/api/tmc/fop-assignments/route.ts,129,clients,many,false,false,false,"select in"
app/api/tmc/fop-assignments/route.ts,130,client_groups,many,false,false,false,"select in"
app/api/tmc/fop-assignments/route.ts,131,buckets,many,false,false,false,"select in"
app/api/tmc/fop-assignments/route.ts,132,employees,many,false,false,false,"select in"
app/api/tmc/fop-assignments/route.ts,191,forms_of_payment,maybeSingle,false,false,false,"select eq maybeSingle"
app/api/tmc/fop-assignments/route.ts,237,fop_assignments,many,false,false,false,"upsert"
app/api/tmc/fop-assignments/route.ts,270,fop_assignments,many,false,false,false,"update eq"
app/api/tmc/fop-assignments/route.ts,304,fop_assignments,many,false,false,false,"delete eq"
app/api/tmc/fop-codes/route.ts,50,fop_gds_entries,many,false,false,false,"select insert eq order"
app/api/tmc/fop-codes/route.ts,51,fop_payment_types,many,false,false,false,"select insert eq order"
app/api/tmc/fop-codes/route.ts,56,fop_gds_entries,many,false,false,false,"select insert eq order"
app/api/tmc/fop-codes/route.ts,60,fop_gds_entries,many,false,false,false,"select insert eq order"
app/api/tmc/fop-codes/route.ts,65,fop_payment_types,many,false,false,false,"select insert eq order"
app/api/tmc/fop-codes/route.ts,71,fop_payment_types,many,false,false,false,"select eq order"
app/api/tmc/forms-of-payment/route.ts,53,forms_of_payment,many,false,false,false,"update eq neq"
app/api/tmc/forms-of-payment/route.ts,82,employees,maybeSingle,false,false,false,"select eq maybeSingle"
app/api/tmc/forms-of-payment/route.ts,129,clients,maybeSingle,false,false,false,"select eq maybeSingle"
app/api/tmc/forms-of-payment/route.ts,141,forms_of_payment,many,false,false,false,"select eq in order"
app/api/tmc/forms-of-payment/route.ts,241,fop_gds_entries,maybeSingle,false,false,false,"select eq maybeSingle"
app/api/tmc/forms-of-payment/route.ts,247,fop_payment_types,maybeSingle,false,false,false,"select eq maybeSingle"
app/api/tmc/forms-of-payment/route.ts,414,employees,maybeSingle,false,false,true,"select eq maybeSingle"
app/api/tmc/forms-of-payment/route.ts,428,forms_of_payment,many,false,false,false,"insert"
app/api/tmc/forms-of-payment/[id]/route.ts,26,forms_of_payment,maybeSingle,false,false,false,"select eq maybeSingle"
app/api/tmc/forms-of-payment/[id]/route.ts,56,forms_of_payment,single,false,false,false,"select eq filter single"
app/api/tmc/forms-of-payment/[id]/route.ts,58,fop_assignments,many,false,false,false,"select eq in filter"
app/api/tmc/forms-of-payment/[id]/route.ts,71,clients,many,false,false,false,"select in"
app/api/tmc/forms-of-payment/[id]/route.ts,72,client_groups,many,false,false,false,"select in"
app/api/tmc/forms-of-payment/[id]/route.ts,73,buckets,many,false,false,false,"select in"
app/api/tmc/forms-of-payment/[id]/route.ts,118,forms_of_payment,single,false,false,false,"select eq single"
app/api/tmc/forms-of-payment/[id]/route.ts,139,branches,maybeSingle,false,false,false,"select eq maybeSingle"
app/api/tmc/forms-of-payment/[id]/route.ts,171,forms_of_payment,single,false,false,false,"select update eq single"
app/api/tmc/forms-of-payment/[id]/route.ts,207,fop_assignments,many,true,true,false,"select delete eq"
app/api/tmc/forms-of-payment/[id]/route.ts,220,forms_of_payment,many,false,false,false,"delete eq"
app/api/tmc/policy-groups/route.ts,61,policy_groups,many,false,false,false,"select eq or order"
app/api/tmc/policy-groups/route.ts,90,client_policy_groups,many,false,false,false,"select in"
app/api/tmc/policy-groups/route.ts,135,policy_groups,single,false,false,false,"select insert single"
app/api/tmc/policy-groups/route.ts,165,policy_group_band_ranks,many,false,false,false,"insert delete eq"
app/api/tmc/policy-groups/route.ts,169,policy_groups,many,false,false,false,"delete eq"
app/api/tmc/policy-groups/[id]/route.ts,52,policy_groups,maybeSingle,false,false,false,"select eq maybeSingle"
app/api/tmc/policy-groups/[id]/route.ts,84,policy_groups,many,false,false,false,"update eq"
app/api/tmc/policy-groups/[id]/route.ts,108,policy_group_band_ranks,many,false,false,false,"insert delete eq in"
app/api/tmc/policy-groups/[id]/route.ts,120,policy_group_band_ranks,many,false,false,false,"insert"
app/api/tmc/policy-groups/[id]/route.ts,138,policy_rules,many,false,false,false,"select update eq in is"
app/api/tmc/policy-groups/[id]/route.ts,149,policy_groups,single,false,false,false,"select eq single"
app/api/tmc/policy-groups/[id]/route.ts,172,policy_groups,maybeSingle,false,false,false,"select eq maybeSingle"
app/api/tmc/policy-groups/[id]/route.ts,194,client_policy_groups,many,true,true,false,"select eq"
app/api/tmc/policy-groups/[id]/route.ts,209,policy_groups,many,false,false,false,"delete eq"
app/api/tmc/policy-rules/route.ts,31,policy_rules,maybeSingle,false,false,false,"select eq is order limit maybeSingle"
app/api/tmc/policy-rules/route.ts,42,policy_rules,many,false,false,false,"select eq is"
app/api/tmc/policy-rules/route.ts,69,policy_groups,maybeSingle,false,false,false,"select eq maybeSingle"
app/api/tmc/policy-rules/route.ts,111,policy_groups,maybeSingle,false,false,false,"select eq maybeSingle"
app/api/tmc/policy-rules/route.ts,146,employees,maybeSingle,false,false,false,"select eq maybeSingle"
app/api/tmc/policy-rules/route.ts,197,policy_rules,many,false,false,false,"insert"
app/api/tmc/profile/route.ts,29,employees,maybeSingle,false,false,false,"select eq maybeSingle"
app/api/tmc/profile/route.ts,45,tmcs,maybeSingle,false,false,false,"select eq maybeSingle"
app/api/tmc/profile/route.ts,46,employee_permissions,many,false,false,false,"select eq"
app/api/tmc/profile/route.ts,61,employee_client_access,many,false,false,false,"select eq order"
app/api/tmc/profile/route.ts,66,clients,many,false,false,false,"select eq order"
app/api/tmc/profile/route.ts,93,employees,many,true,true,false,"select neq in"
app/api/tmc/profile/route.ts,97,bookings,many,true,true,false,"select in"
app/api/tmc/profile/route.ts,149,employees,maybeSingle,false,false,false,"select eq maybeSingle"
app/api/tmc/profile/route.ts,168,employees,single,false,false,false,"select update eq single"
app/api/tmc/stats/route.ts,47,employees,single,false,false,false,"select eq single"
app/api/tmc/stats/route.ts,55,clients,many,false,false,false,"select eq in"
app/api/tmc/stats/route.ts,81,employees,many,false,false,false,"select in"
app/api/tmc/stats/route.ts,83,bookings,many,false,false,false,"select in"
app/api/tmc/tcs/route.ts,34,employees,single,false,false,false,"select eq filter single"
app/api/tmc/tcs/route.ts,47,employees,many,true,false,false,"select eq in or order range"
app/api/tmc/tcs/route.ts,70,employee_permissions,many,false,false,false,"select in"
app/api/tmc/tcs/route.ts,71,employee_client_access,many,false,false,false,"select in"
app/api/tmc/tcs/route.ts,94,branches,many,false,false,false,"select in"
app/api/tmc/tcs/route.ts,122,employees,single,false,false,false,"select eq single"
app/api/tmc/tcs/route.ts,151,clients,many,false,false,false,"select eq in"
app/api/tmc/tcs/route.ts,162,employees,maybeSingle,false,false,false,"select eq maybeSingle"
app/api/tmc/tcs/route.ts,185,employees,many,false,false,false,"insert"
app/api/tmc/tcs/route.ts,199,employee_permissions,many,false,false,false,"insert"
app/api/tmc/tcs/route.ts,206,employee_client_access,many,false,false,false,"insert"
app/api/tmc/tcs/[id]/route.ts,21,employees,single,false,false,false,"select eq single"
app/api/tmc/tcs/[id]/route.ts,48,employees,maybeSingle,false,false,false,"select eq maybeSingle"
app/api/tmc/tcs/[id]/route.ts,68,employee_permissions,many,false,false,false,"select insert delete eq"
app/api/tmc/tcs/[id]/route.ts,70,employee_permissions,many,false,false,false,"select insert eq in"
app/api/tmc/tcs/[id]/route.ts,80,clients,many,false,false,false,"select insert delete eq in"
app/api/tmc/tcs/[id]/route.ts,90,employee_client_access,many,false,false,false,"insert update delete eq"
app/api/tmc/tcs/[id]/route.ts,92,employee_client_access,many,false,false,false,"insert update eq"
app/api/tmc/tcs/[id]/route.ts,103,employees,many,false,false,false,"update eq"
app/api/tmc/tcs/[id]/route.ts,111,employees,maybeSingle,false,false,false,"select update eq maybeSingle"
app/api/tmc/tcs/[id]/route.ts,117,branches,maybeSingle,false,false,false,"select update eq maybeSingle"
app/api/tmc/tcs/[id]/route.ts,127,employees,many,false,false,false,"update eq"
app/api/tmc/traveler-profiles/csv/route.ts,76,employees,single,false,false,false,"select eq order single"
app/api/tmc/traveler-profiles/csv/route.ts,80,clients,single,false,false,false,"select eq single"
app/api/tmc/traveler-profiles/csv/route.ts,146,employees,many,false,false,false,"select eq"
app/api/tmc/traveler-profiles/csv/route.ts,149,bands,many,false,false,false,"select eq"
app/api/tmc/traveler-profiles/csv/route.ts,150,cost_centres,many,false,false,false,"select eq"
app/api/tmc/traveler-profiles/csv/route.ts,223,employees,many,false,false,false,"update eq"
app/api/tmc/traveler-profiles/route.ts,29,clients,maybeSingle,false,false,false,"select eq maybeSingle"
app/api/tmc/traveler-profiles/route.ts,64,employees,many,true,false,false,"select eq in order"
app/api/tmc/traveler-profiles/route.ts,89,bands,many,false,false,false,"select eq order"
app/api/tmc/traveler-profiles/route.ts,90,cost_centres,many,false,false,false,"select eq order"
app/api/tmc/traveler-profiles/route.ts,104,bookings,many,false,false,false,"select eq in"
app/api/tmc/traveler-profiles/[id]/route.ts,53,employees,maybeSingle,false,false,false,"select eq maybeSingle"
app/api/tmc/traveler-profiles/[id]/route.ts,87,cost_centres,maybeSingle,false,false,false,"select eq maybeSingle"
app/api/tmc/traveler-profiles/[id]/route.ts,105,bands,maybeSingle,false,false,false,"select eq maybeSingle"
app/api/tmc/traveler-profiles/[id]/route.ts,143,employees,single,false,false,false,"select update eq single"
app/api/trips/route.ts,32,employees,maybeSingle,false,false,false,"select eq maybeSingle"
app/api/trips/route.ts,42,trips,many,false,false,false,"select eq neq order"
app/api/trips/route.ts,67,employees,maybeSingle,false,false,false,"select eq maybeSingle"
app/api/trips/route.ts,84,trips,single,false,false,false,"select insert single"
app/api/trips/[tripId]/route.ts,24,employees,maybeSingle,false,false,false,"select eq maybeSingle"
app/api/trips/[tripId]/route.ts,34,trips,maybeSingle,false,false,false,"select eq maybeSingle"
app/api/trips/[tripId]/route.ts,49,bookings,many,false,false,false,"select eq order"
app/api/trips/[tripId]/route.ts,55,trip_expenses,many,false,false,false,"select eq order"
app/api/trips/[tripId]/route.ts,102,employees,maybeSingle,false,false,false,"select eq maybeSingle"
app/api/trips/[tripId]/route.ts,112,trips,maybeSingle,false,false,false,"select eq maybeSingle"
app/api/trips/[tripId]/route.ts,136,trips,single,false,false,false,"select update eq single"
app/api/trips/[tripId]/route.ts,175,employees,maybeSingle,false,false,false,"select eq maybeSingle"
app/api/trips/[tripId]/route.ts,185,trips,maybeSingle,false,false,false,"select eq maybeSingle"
app/api/trips/[tripId]/route.ts,203,trips,single,false,false,false,"select update eq single"
app/lib/amadeus/sessionStore.ts,54,amadeus_session,maybeSingle,false,false,false,"select eq maybeSingle"
app/lib/amadeus/sessionStore.ts,79,amadeus_session,many,false,false,false,"upsert"
app/lib/amadeus/sessionStore.ts,103,amadeus_session,many,false,false,false,"delete eq"
app/lib/approval-engine/linkedApprovalTemplates.ts,85,approval_tier_approvers,many,false,false,false,"select eq"
app/lib/approval-engine/linkedApprovalTemplates.ts,147,approval_chain_templates,maybeSingle,false,false,false,"select eq maybeSingle"
app/lib/approval-engine/linkedApprovalTemplates.ts,162,employee_approval_templates,maybeSingle,false,false,false,"select eq maybeSingle"
app/lib/approval-engine/linkedApprovalTemplates.ts,180,employees,maybeSingle,false,false,false,"select eq maybeSingle"
app/lib/approval-engine/linkedApprovalTemplates.ts,187,band_approval_templates,maybeSingle,false,false,false,"select eq maybeSingle"
app/lib/approval-engine/linkedApprovalTemplates.ts,201,client_default_approval_templates,maybeSingle,false,false,false,"select eq maybeSingle"
app/lib/approval-engine/linkedApprovalTemplates.ts,223,band_approval_templates,many,false,false,false,"select eq"
app/lib/approval-engine/linkedApprovalTemplates.ts,245,employee_approval_templates,many,false,false,false,"select in"
app/lib/approval-engine/resolveApprovalTier.ts,251,employees,maybeSingle,false,false,false,"select eq maybeSingle"
app/lib/approval-engine/resolveApprovalTier.ts,282,employees,many,false,false,true,"select eq in"
app/lib/approval-engine/resolveApprovalTier.ts,295,bands,many,false,false,false,"select eq filter"
app/lib/approval-engine/resolveApprovalTier.ts,321,employees,maybeSingle,false,false,false,"select eq order limit maybeSingle"
app/lib/approval-engine/resolveApprovalTier.ts,378,approvals,single,false,false,false,"select insert single"
app/lib/approval-engine/resolveApprovalTier.ts,410,approvals,single,false,false,false,"select insert single"
app/lib/approval-engine/resolveApprovalTier.ts,469,approvals,many,false,false,false,"select insert"
app/lib/approval-engine/resolveApprovalTier.ts,522,clients,maybeSingle,false,false,false,"select eq maybeSingle"
app/lib/approval-engine/resolveApprovalTier.ts,582,approval_chain_templates,maybeSingle,false,false,false,"select eq maybeSingle"
app/lib/approval-engine/resolveApprovalTier.ts,603,approvals,many,false,false,false,"select eq"
app/lib/approval-engine/resolveApprovalTier.ts,616,approvals,many,false,false,false,"update in"
app/lib/clients/clientGates.ts,149,clients,maybeSingle,false,false,false,"select eq maybeSingle"
app/lib/commercials/stampCommercials.ts,134,clients,maybeSingle,false,false,false,"select eq maybeSingle"
app/lib/commercials/stampCommercials.ts,144,commercial_rules,many,false,false,false,"select eq"
app/lib/commercials/stampCommercials.ts,145,bucket_clients,many,false,false,false,"select eq"
app/lib/commercials/stampCommercials.ts,147,commercial_rule_assignments,many,false,false,false,"select eq"
app/lib/commercials/stampCommercials.ts,150,deal_code_categories,many,false,false,false,"select eq filter"
app/lib/commercials/stampCommercials.ts,175,buckets,many,false,false,false,"select eq in"
app/lib/commercials/stampCommercials.ts,178,client_groups,many,false,false,false,"select eq"
app/lib/deal-codes/stampBooking.ts,47,clients,maybeSingle,false,false,false,"select eq maybeSingle"
app/lib/deal-codes/stampBooking.ts,55,bucket_clients,many,false,false,false,"select eq filter"
app/lib/deal-codes/stampBooking.ts,62,deal_code_assignments,many,false,false,false,"select eq filter"
app/lib/deal-codes/stampBooking.ts,78,deal_codes,many,false,false,false,"select eq in"
app/lib/deal-codes/stampBooking.ts,84,buckets,many,false,false,false,"select eq in"
app/lib/deal-codes/stampBooking.ts,87,client_groups,many,false,false,false,"select eq"
app/lib/fop/stampFop.ts,44,clients,maybeSingle,false,false,false,"select eq maybeSingle"
app/lib/fop/stampFop.ts,53,forms_of_payment,many,false,false,false,"select eq"
app/lib/fop/stampFop.ts,58,bucket_clients,many,false,false,false,"select eq"
app/lib/fop/stampFop.ts,60,fop_assignments,many,false,false,false,"select eq"
app/lib/fop/stampFop.ts,89,buckets,many,false,false,false,"select eq in"
app/lib/fop/stampFop.ts,92,client_groups,many,false,false,false,"select eq"
app/lib/hierarchy/validateManagerAssignment.ts,46,employees,maybeSingle,false,false,false,"select eq maybeSingle"
app/lib/hierarchy/validateManagerAssignment.ts,71,employees,maybeSingle,false,false,false,"select eq maybeSingle"
app/lib/onboarding/onboardClient.ts,146,clients,many,false,false,false,"select eq ilike limit"
app/lib/onboarding/onboardClient.ts,165,policy_groups,maybeSingle,false,false,false,"select eq maybeSingle"
app/lib/onboarding/onboardClient.ts,180,client_groups,maybeSingle,false,false,false,"select eq maybeSingle"
app/lib/onboarding/onboardClient.ts,196,clients,many,false,false,false,"select insert"
app/lib/onboarding/onboardClient.ts,224,client_gst_registrations,many,false,false,false,"insert"
app/lib/onboarding/onboardClient.ts,239,bands,many,false,false,false,"select insert"
app/lib/onboarding/onboardClient.ts,263,client_policy_groups,many,false,false,false,"insert"
app/lib/onboarding/onboardClient.ts,294,employees,many,false,false,false,"insert"
app/lib/onboarding/onboardClient.ts,317,clients,many,false,false,false,"delete eq"
app/lib/onboarding/onboardTmc.ts,61,tmcs,maybeSingle,false,false,false,"select ilike maybeSingle"
app/lib/onboarding/onboardTmc.ts,75,tmcs,single,false,false,false,"select insert single"
app/lib/onboarding/onboardTmc.ts,94,employees,many,false,false,false,"insert"
app/lib/onboarding/onboardTmc.ts,111,tmcs,many,false,false,false,"delete eq"
app/lib/onboarding/onboardTmc.ts,143,employees,maybeSingle,false,false,false,"select eq maybeSingle"
app/lib/onboarding/onboardTmc.ts,165,employees,many,false,false,false,"insert"
app/lib/permissions/requirePlatformAdmin.ts,30,platform_admins,maybeSingle,false,false,false,"select eq maybeSingle"
app/lib/permissions/requirePlatformAdmin.ts,59,platform_admins,maybeSingle,false,false,false,"select eq maybeSingle"
app/lib/permissions/requireTmcPermission.ts,28,employees,single,false,false,false,"select eq single"
app/lib/permissions/requireTmcPermission.ts,51,employee_permissions,maybeSingle,false,false,false,"select eq maybeSingle"
app/lib/permissions/requireTmcPermission.ts,63,employee_client_access,maybeSingle,false,false,false,"select eq maybeSingle"
app/lib/permissions/requireTmcPermission.ts,90,employee_client_access,many,false,false,false,"select eq"
app/lib/reference/harvestAirlines.ts,74,airlines,many,false,false,false,"upsert"
app/lib/reference/harvestAirlines.ts,90,airlines,many,false,false,false,"update upsert in"
app/lib/reference/harvestAirlines.ts,100,airlines,many,false,false,false,"update in"
app/lib/rule-engine/checkBookingAgainstPolicy.ts,39,employees,maybeSingle,false,false,false,"select eq maybeSingle"
app/lib/rule-engine/linkedPolicyGroups.ts,29,policy_group_band_ranks,many,false,false,false,"select in"
app/lib/rule-engine/linkedPolicyGroups.ts,68,client_policy_groups,many,false,false,false,"select eq in"
app/lib/rule-engine/linkedPolicyGroups.ts,77,policy_groups,many,false,false,false,"select in"
app/lib/rule-engine/resolveEffectivePolicy.ts,70,employees,single,false,false,false,"select eq single"
app/lib/rule-engine/resolveEffectivePolicy.ts,84,bands,maybeSingle,false,false,false,"select eq maybeSingle"
app/lib/rule-engine/resolveEffectivePolicy.ts,158,policy_rules,many,false,false,false,"select eq is order"
